ID,target
15000,1
15001,0
15002,1
15003,1
15004,1
15005,1
15006,1
15007,1
15008,1
15009,1
15010,0
15011,1
15012,1
15013,1
15014,1
15015,0
15016,1
15017,1
15018,0
15019,0
15020,0
15021,1
15022,1
15023,1
15024,1
15025,0
15026,1
15027,1
15028,1
15029,1
15030,1
15031,1
15032,1
15033,0
15034,0
15035,0
15036,0
15037,1
15038,1
15039,1
15040,1
15041,1
15042,1
15043,0
15044,1
15045,1
15046,1
15047,0
15048,1
15049,1
15050,1
15051,0
15052,1
15053,1
15054,1
15055,1
15056,1
15057,1
15058,1
15059,1
15060,1
15061,0
15062,1
15063,1
15064,1
15065,0
15066,0
15067,1
15068,1
15069,1
15070,1
15071,1
15072,1
15073,1
15074,0
15075,1
15076,1
15077,1
15078,1
15079,1
15080,1
15081,1
15082,1
15083,1
15084,0
15085,0
15086,1
15087,1
15088,1
15089,1
15090,1
15091,1
15092,1
15093,1
15094,1
15095,1
15096,1
15097,1
15098,1
15099,0
15100,1
15101,1
15102,1
15103,1
15104,0
15105,1
15106,0
15107,1
15108,1
15109,1
15110,0
15111,1
15112,1
15113,1
15114,1
15115,0
15116,1
15117,1
15118,1
15119,1
15120,1
15121,1
15122,0
15123,0
15124,1
15125,1
15126,1
15127,1
15128,1
15129,1
15130,1
15131,0
15132,1
15133,1
15134,0
15135,1
15136,1
15137,1
15138,1
15139,1
15140,1
15141,1
15142,1
15143,1
15144,1
15145,1
15146,1
15147,1
15148,1
15149,1
15150,1
15151,0
15152,1
15153,0
15154,1
15155,0
15156,1
15157,0
15158,1
15159,1
15160,1
15161,1
15162,1
15163,0
15164,1
15165,0
15166,0
15167,1
15168,1
15169,1
15170,1
15171,1
15172,0
15173,0
15174,0
15175,1
15176,0
15177,1
15178,0
15179,1
15180,1
15181,0
15182,1
15183,1
15184,1
15185,1
15186,0
15187,1
15188,1
15189,1
15190,1
15191,1
15192,1
15193,0
15194,1
15195,1
15196,0
15197,1
15198,1
15199,1
15200,1
15201,1
15202,1
15203,1
15204,1
15205,1
15206,1
15207,1
15208,1
15209,1
15210,0
15211,1
15212,1
15213,0
15214,1
15215,1
15216,1
15217,1
15218,1
15219,1
15220,1
15221,1
15222,1
15223,1
15224,0
15225,1
15226,1
15227,1
15228,0
15229,1
15230,1
15231,1
15232,0
15233,0
15234,1
15235,1
15236,1
15237,1
15238,1
15239,1
15240,0
15241,0
15242,1
15243,1
15244,1
15245,1
15246,1
15247,1
15248,1
15249,0
15250,1
15251,0
15252,1
15253,1
15254,1
15255,1
15256,1
15257,1
15258,1
15259,1
15260,1
15261,1
15262,1
15263,0
15264,1
15265,1
15266,1
15267,1
15268,0
15269,1
15270,1
15271,1
15272,1
15273,1
15274,1
15275,1
15276,0
15277,1
15278,1
15279,0
15280,1
15281,1
15282,0
15283,1
15284,1
15285,1
15286,0
15287,1
15288,1
15289,1
15290,1
15291,1
15292,1
15293,1
15294,1
15295,1
15296,0
15297,1
15298,1
15299,0
15300,1
15301,1
15302,1
15303,1
15304,1
15305,0
15306,0
15307,1
15308,1
15309,1
15310,1
15311,0
15312,0
15313,1
15314,1
15315,1
15316,1
15317,1
15318,1
15319,1
15320,1
15321,1
15322,1
15323,1
15324,0
15325,1
15326,1
15327,1
15328,1
15329,0
15330,1
15331,1
15332,0
15333,1
15334,1
15335,1
15336,1
15337,1
15338,1
15339,1
15340,1
15341,1
15342,1
15343,1
15344,1
15345,1
15346,1
15347,0
15348,1
15349,1
15350,1
15351,1
15352,1
15353,1
15354,1
15355,1
15356,1
15357,0
15358,1
15359,0
15360,1
15361,1
15362,1
15363,1
15364,1
15365,0
15366,0
15367,1
15368,1
15369,0
15370,1
15371,1
15372,1
15373,1
15374,1
15375,0
15376,1
15377,1
15378,1
15379,1
15380,1
15381,1
15382,1
15383,1
15384,1
15385,1
15386,0
15387,1
15388,1
15389,1
15390,0
15391,1
15392,1
15393,1
15394,1
15395,0
15396,1
15397,1
15398,0
15399,0
15400,1
15401,0
15402,1
15403,1
15404,1
15405,1
15406,1
15407,0
15408,1
15409,0
15410,1
15411,1
15412,1
15413,1
15414,1
15415,1
15416,1
15417,1
15418,0
15419,1
15420,0
15421,1
15422,1
15423,0
15424,1
15425,1
15426,1
15427,1
15428,1
15429,1
15430,1
15431,1
15432,1
15433,1
15434,1
15435,1
15436,1
15437,1
15438,1
15439,0
15440,1
15441,1
15442,1
15443,0
15444,1
15445,0
15446,1
15447,1
15448,1
15449,1
15450,1
15451,0
15452,1
15453,1
15454,1
15455,1
15456,1
15457,1
15458,1
15459,1
15460,0
15461,1
15462,1
15463,1
15464,1
15465,1
15466,1
15467,1
15468,1
15469,1
15470,1
15471,0
15472,1
15473,1
15474,1
15475,1
15476,1
15477,1
15478,1
15479,0
15480,1
15481,1
15482,1
15483,0
15484,1
15485,1
15486,1
15487,1
15488,1
15489,1
15490,0
15491,1
15492,1
15493,1
15494,1
15495,1
15496,0
15497,0
15498,1
15499,0
15500,0
15501,1
15502,1
15503,1
15504,1
15505,0
15506,1
15507,1
15508,1
15509,1
15510,1
15511,1
15512,0
15513,1
15514,0
15515,1
15516,1
15517,1
15518,1
15519,1
15520,1
15521,1
15522,1
15523,1
15524,1
15525,1
15526,1
15527,1
15528,1
15529,1
15530,1
15531,1
15532,0
15533,1
15534,0
15535,1
15536,0
15537,1
15538,1
15539,1
15540,1
15541,1
15542,1
15543,0
15544,1
15545,1
15546,1
15547,1
15548,1
15549,1
15550,1
15551,1
15552,0
15553,0
15554,0
15555,1
15556,1
15557,1
15558,1
15559,1
15560,1
15561,0
15562,1
15563,1
15564,1
15565,1
15566,1
15567,0
15568,1
15569,1
15570,1
15571,1
15572,1
15573,1
15574,1
15575,1
15576,1
15577,1
15578,1
15579,1
15580,1
15581,1
15582,0
15583,1
15584,1
15585,0
15586,1
15587,1
15588,1
15589,0
15590,1
15591,0
15592,1
15593,0
15594,1
15595,0
15596,1
15597,1
15598,1
15599,1
15600,1
15601,1
15602,1
15603,0
15604,0
15605,1
15606,1
15607,0
15608,1
15609,1
15610,0
15611,1
15612,1
15613,1
15614,0
15615,1
15616,1
15617,0
15618,1
15619,1
15620,0
15621,1
15622,1
15623,1
15624,1
15625,1
15626,1
15627,1
15628,0
15629,1
15630,1
15631,1
15632,0
15633,1
15634,1
15635,1
15636,1
15637,0
15638,1
15639,1
15640,1
15641,1
15642,1
15643,1
15644,1
15645,1
15646,1
15647,1
15648,1
15649,1
15650,1
15651,1
15652,1
15653,1
15654,1
15655,1
15656,1
15657,0
15658,1
15659,1
15660,1
15661,1
15662,1
15663,1
15664,1
15665,1
15666,1
15667,1
15668,1
15669,1
15670,1
15671,1
15672,0
15673,1
15674,1
15675,1
15676,1
15677,1
15678,1
15679,1
15680,1
15681,1
15682,1
15683,1
15684,0
15685,1
15686,1
15687,1
15688,1
15689,0
15690,1
15691,1
15692,1
15693,1
15694,1
15695,1
15696,1
15697,1
15698,1
15699,1
15700,1
15701,1
15702,1
15703,1
15704,1
15705,1
15706,1
15707,1
15708,1
15709,1
15710,1
15711,1
15712,1
15713,1
15714,1
15715,0
15716,1
15717,1
15718,1
15719,1
15720,1
15721,1
15722,1
15723,1
15724,1
15725,0
15726,1
15727,1
15728,1
15729,1
15730,1
15731,1
15732,1
15733,1
15734,1
15735,0
15736,1
15737,1
15738,1
15739,1
15740,1
15741,1
15742,1
15743,1
15744,1
15745,1
15746,1
15747,0
15748,1
15749,1
15750,1
15751,0
15752,1
15753,0
15754,1
15755,1
15756,1
15757,1
15758,0
15759,1
15760,1
15761,1
15762,0
15763,1
15764,1
15765,1
15766,1
15767,1
15768,0
15769,0
15770,1
15771,1
15772,1
15773,0
15774,1
15775,0
15776,1
15777,1
15778,1
15779,0
15780,1
15781,0
15782,1
15783,1
15784,1
15785,1
15786,1
15787,1
15788,1
15789,1
15790,0
15791,1
15792,1
15793,1
15794,1
15795,1
15796,1
15797,1
15798,1
15799,1
15800,1
15801,0
15802,1
15803,1
15804,1
15805,0
15806,1
15807,1
15808,0
15809,1
15810,1
15811,1
15812,1
15813,0
15814,1
15815,1
15816,1
15817,1
15818,1
15819,1
15820,1
15821,1
15822,0
15823,0
15824,1
15825,1
15826,0
15827,1
15828,1
15829,1
15830,1
15831,0
15832,1
15833,1
15834,1
15835,1
15836,1
15837,1
15838,1
15839,1
15840,1
15841,1
15842,1
15843,1
15844,1
15845,1
15846,1
15847,1
15848,0
15849,0
15850,1
15851,1
15852,0
15853,0
15854,1
15855,1
15856,1
15857,0
15858,1
15859,1
15860,0
15861,1
15862,1
15863,1
15864,1
15865,1
15866,1
15867,1
15868,1
15869,0
15870,1
15871,1
15872,1
15873,1
15874,0
15875,1
15876,1
15877,0
15878,1
15879,1
15880,1
15881,1
15882,1
15883,1
15884,1
15885,1
15886,0
15887,0
15888,1
15889,0
15890,1
15891,1
15892,1
15893,0
15894,0
15895,0
15896,1
15897,1
15898,1
15899,0
15900,1
15901,1
15902,0
15903,1
15904,1
15905,1
15906,0
15907,1
15908,1
15909,1
15910,1
15911,0
15912,0
15913,1
15914,1
15915,1
15916,1
15917,1
15918,1
15919,1
15920,1
15921,0
15922,1
15923,0
15924,1
15925,0
15926,0
15927,1
15928,1
15929,1
15930,0
15931,1
15932,1
15933,1
15934,1
15935,1
15936,1
15937,1
15938,1
15939,1
15940,1
15941,1
15942,1
15943,1
15944,0
15945,1
15946,0
15947,1
15948,1
15949,1
15950,1
15951,0
15952,1
15953,1
15954,1
15955,1
15956,0
15957,0
15958,1
15959,1
15960,1
15961,1
15962,1
15963,1
15964,1
15965,1
15966,1
15967,0
15968,0
15969,1
15970,1
15971,1
15972,1
15973,1
15974,1
15975,1
15976,1
15977,1
15978,1
15979,1
15980,1
15981,1
15982,1
15983,0
15984,1
15985,1
15986,1
15987,0
15988,1
15989,1
15990,1
15991,1
15992,1
15993,1
15994,1
15995,1
15996,0
15997,1
15998,0
15999,1
16000,1
16001,1
16002,1
16003,0
16004,1
16005,1
16006,1
16007,1
16008,1
16009,1
16010,1
16011,1
16012,0
16013,1
16014,1
16015,1
16016,1
16017,0
16018,1
16019,1
16020,1
16021,1
16022,1
16023,0
16024,1
16025,1
16026,0
16027,0
16028,1
16029,1
16030,1
16031,1
16032,1
16033,1
16034,1
16035,1
16036,1
16037,1
16038,1
16039,1
16040,0
16041,1
16042,1
16043,1
16044,1
16045,1
16046,1
16047,0
16048,1
16049,1
16050,1
16051,0
16052,1
16053,1
16054,1
16055,1
16056,1
16057,1
16058,1
16059,1
16060,1
16061,1
16062,1
16063,0
16064,1
16065,1
16066,0
16067,1
16068,1
16069,1
16070,1
16071,1
16072,1
16073,1
16074,1
16075,1
16076,1
16077,0
16078,1
16079,1
16080,0
16081,1
16082,0
16083,1
16084,1
16085,1
16086,1
16087,1
16088,1
16089,1
16090,1
16091,0
16092,1
16093,1
16094,0
16095,1
16096,1
16097,1
16098,1
16099,1
16100,1
16101,0
16102,1
16103,0
16104,1
16105,1
16106,1
16107,1
16108,1
16109,1
16110,1
16111,1
16112,1
16113,1
16114,1
16115,0
16116,0
16117,0
16118,1
16119,0
16120,1
16121,0
16122,1
16123,1
16124,0
16125,1
16126,0
16127,1
16128,1
16129,0
16130,1
16131,0
16132,1
16133,1
16134,1
16135,1
16136,1
16137,0
16138,1
16139,1
16140,1
16141,1
16142,1
16143,1
16144,1
16145,1
16146,1
16147,1
16148,1
16149,1
16150,1
16151,1
16152,1
16153,1
16154,0
16155,0
16156,1
16157,1
16158,1
16159,1
16160,1
16161,1
16162,1
16163,0
16164,1
16165,1
16166,1
16167,1
16168,0
16169,0
16170,0
16171,0
16172,1
16173,1
16174,1
16175,1
16176,1
16177,1
16178,1
16179,1
16180,0
16181,1
16182,1
16183,1
16184,1
16185,0
16186,1
16187,1
16188,1
16189,1
16190,1
16191,1
16192,1
16193,1
16194,1
16195,1
16196,1
16197,1
16198,0
16199,1
16200,1
16201,1
16202,1
16203,1
16204,1
16205,1
16206,1
16207,1
16208,1
16209,0
16210,0
16211,1
16212,1
16213,0
16214,1
16215,1
16216,0
16217,1
16218,1
16219,1
16220,1
16221,1
16222,0
16223,0
16224,1
16225,1
16226,1
16227,1
16228,0
16229,1
16230,1
16231,1
16232,1
16233,1
16234,1
16235,1
16236,1
16237,1
16238,0
16239,1
16240,1
16241,0
16242,1
16243,1
16244,1
16245,0
16246,1
16247,1
16248,1
16249,1
16250,1
16251,1
16252,1
16253,1
16254,1
16255,1
16256,1
16257,0
16258,1
16259,1
16260,1
16261,1
16262,1
16263,1
16264,1
16265,0
16266,1
16267,1
16268,1
16269,0
16270,1
16271,1
16272,1
16273,1
16274,0
16275,1
16276,1
16277,1
16278,0
16279,1
16280,1
16281,0
16282,1
16283,1
16284,1
16285,0
16286,1
16287,0
16288,1
16289,1
16290,0
16291,1
16292,1
16293,1
16294,1
16295,1
16296,1
16297,1
16298,1
16299,1
16300,1
16301,0
16302,1
16303,1
16304,1
16305,1
16306,1
16307,1
16308,1
16309,1
16310,1
16311,1
16312,1
16313,1
16314,1
16315,1
16316,1
16317,1
16318,1
16319,1
16320,1
16321,1
16322,1
16323,1
16324,1
16325,0
16326,1
16327,1
16328,1
16329,1
16330,1
16331,0
16332,1
16333,1
16334,1
16335,1
16336,1
16337,1
16338,1
16339,1
16340,1
16341,0
16342,1
16343,1
16344,1
16345,1
16346,1
16347,0
16348,1
16349,1
16350,1
16351,1
16352,1
16353,1
16354,1
16355,0
16356,0
16357,1
16358,1
16359,1
16360,1
16361,1
16362,1
16363,0
16364,1
16365,1
16366,1
16367,1
16368,1
16369,1
16370,1
16371,1
16372,1
16373,1
16374,1
16375,1
16376,1
16377,1
16378,1
16379,1
16380,1
16381,1
16382,1
16383,1
16384,1
16385,1
16386,1
16387,1
16388,1
16389,1
16390,1
16391,1
16392,1
16393,1
16394,1
16395,1
16396,0
16397,1
16398,1
16399,1
16400,1
16401,1
16402,1
16403,1
16404,1
16405,0
16406,1
16407,1
16408,1
16409,1
16410,1
16411,1
16412,0
16413,0
16414,1
16415,1
16416,1
16417,1
16418,1
16419,1
16420,0
16421,0
16422,0
16423,1
16424,1
16425,1
16426,1
16427,1
16428,1
16429,1
16430,1
16431,1
16432,1
16433,1
16434,1
16435,0
16436,1
16437,1
16438,1
16439,1
16440,0
16441,1
16442,1
16443,1
16444,1
16445,1
16446,1
16447,1
16448,1
16449,0
16450,1
16451,1
16452,1
16453,1
16454,1
16455,1
16456,1
16457,1
16458,1
16459,1
16460,1
16461,0
16462,1
16463,1
16464,1
16465,1
16466,1
16467,1
16468,0
16469,1
16470,0
16471,1
16472,0
16473,1
16474,1
16475,1
16476,1
16477,1
16478,0
16479,1
16480,1
16481,0
16482,1
16483,1
16484,1
16485,1
16486,1
16487,1
16488,1
16489,1
16490,1
16491,1
16492,1
16493,1
16494,0
16495,1
16496,0
16497,1
16498,1
16499,0
16500,1
16501,1
16502,1
16503,1
16504,0
16505,1
16506,1
16507,1
16508,1
16509,1
16510,0
16511,0
16512,1
16513,1
16514,1
16515,0
16516,1
16517,1
16518,0
16519,1
16520,1
16521,1
16522,1
16523,1
16524,1
16525,1
16526,1
16527,1
16528,1
16529,1
16530,1
16531,1
16532,1
16533,1
16534,1
16535,1
16536,0
16537,0
16538,1
16539,1
16540,0
16541,1
16542,1
16543,0
16544,1
16545,1
16546,0
16547,1
16548,1
16549,0
16550,0
16551,0
16552,1
16553,1
16554,1
16555,1
16556,1
16557,1
16558,1
16559,1
16560,0
16561,1
16562,1
16563,1
16564,1
16565,1
16566,1
16567,1
16568,1
16569,1
16570,1
16571,1
16572,1
16573,0
16574,0
16575,0
16576,0
16577,0
16578,1
16579,1
16580,1
16581,1
16582,1
16583,0
16584,1
16585,1
16586,1
16587,1
16588,1
16589,1
16590,1
16591,1
16592,0
16593,1
16594,1
16595,1
16596,1
16597,1
16598,1
16599,1
16600,0
16601,1
16602,1
16603,1
16604,0
16605,1
16606,1
16607,1
16608,1
16609,1
16610,1
16611,1
16612,1
16613,1
16614,1
16615,1
16616,1
16617,1
16618,1
16619,1
16620,1
16621,1
16622,1
16623,1
16624,1
16625,0
16626,0
16627,1
16628,0
16629,1
16630,1
16631,1
16632,1
16633,1
16634,1
16635,1
16636,1
16637,1
16638,1
16639,1
16640,1
16641,1
16642,0
16643,1
16644,1
16645,1
16646,1
16647,1
16648,1
16649,1
16650,1
16651,1
16652,1
16653,0
16654,1
16655,1
16656,1
16657,0
16658,1
16659,0
16660,0
16661,1
16662,1
16663,1
16664,0
16665,1
16666,1
16667,1
16668,1
16669,1
16670,1
16671,1
16672,1
16673,1
16674,0
16675,1
16676,0
16677,1
16678,1
16679,1
16680,1
16681,1
16682,1
16683,1
16684,1
16685,1
16686,1
16687,1
16688,1
16689,0
16690,1
16691,1
16692,1
16693,1
16694,1
16695,1
16696,1
16697,1
16698,1
16699,1
16700,1
16701,0
16702,1
16703,1
16704,0
16705,1
16706,1
16707,1
16708,1
16709,1
16710,1
16711,0
16712,1
16713,1
16714,1
16715,1
16716,1
16717,1
16718,1
16719,1
16720,1
16721,0
16722,1
16723,0
16724,1
16725,1
16726,1
16727,0
16728,1
16729,1
16730,1
16731,1
16732,1
16733,1
16734,1
16735,0
16736,1
16737,1
16738,0
16739,0
16740,1
16741,1
16742,0
16743,1
16744,0
16745,1
16746,1
16747,1
16748,1
16749,1
16750,1
16751,1
16752,1
16753,1
16754,1
16755,1
16756,1
16757,1
16758,1
16759,1
16760,1
16761,0
16762,0
16763,1
16764,0
16765,0
16766,0
16767,1
16768,0
16769,0
16770,1
16771,1
16772,1
16773,1
16774,1
16775,1
16776,1
16777,0
16778,1
16779,1
16780,1
16781,1
16782,1
16783,1
16784,1
16785,1
16786,1
16787,1
16788,1
16789,1
16790,1
16791,0
16792,1
16793,1
16794,0
16795,1
16796,0
16797,1
16798,0
16799,1
16800,1
16801,1
16802,0
16803,1
16804,1
16805,0
16806,1
16807,0
16808,1
16809,1
16810,0
16811,1
16812,1
16813,1
16814,1
16815,1
16816,1
16817,1
16818,0
16819,1
16820,1
16821,1
16822,1
16823,1
16824,0
16825,1
16826,1
16827,0
16828,1
16829,1
16830,0
16831,1
16832,1
16833,1
16834,1
16835,1
16836,1
16837,1
16838,0
16839,1
16840,1
16841,1
16842,1
16843,1
16844,1
16845,1
16846,1
16847,1
16848,1
16849,1
16850,1
16851,0
16852,1
16853,1
16854,1
16855,1
16856,1
16857,1
16858,1
16859,1
16860,1
16861,1
16862,1
16863,1
16864,1
16865,1
16866,1
16867,1
16868,0
16869,1
16870,0
16871,0
16872,1
16873,1
16874,1
16875,1
16876,1
16877,1
16878,1
16879,1
16880,1
16881,1
16882,1
16883,1
16884,1
16885,0
16886,1
16887,1
16888,1
16889,1
16890,1
16891,1
16892,1
16893,1
16894,1
16895,1
16896,1
16897,1
16898,1
16899,1
16900,0
16901,1
16902,1
16903,1
16904,1
16905,1
16906,1
16907,1
16908,0
16909,1
16910,1
16911,0
16912,1
16913,1
16914,0
16915,1
16916,1
16917,1
16918,1
16919,1
16920,1
16921,1
16922,0
16923,1
16924,0
16925,1
16926,1
16927,0
16928,1
16929,1
16930,0
16931,1
16932,1
16933,1
16934,1
16935,1
16936,1
16937,1
16938,1
16939,1
16940,0
16941,1
16942,1
16943,1
16944,0
16945,0
16946,1
16947,1
16948,1
16949,1
16950,1
16951,0
16952,1
16953,1
16954,0
16955,0
16956,0
16957,0
16958,1
16959,1
16960,0
16961,1
16962,1
16963,1
16964,1
16965,1
16966,1
16967,1
16968,1
16969,0
16970,1
16971,1
16972,1
16973,1
16974,1
16975,1
16976,1
16977,1
16978,0
16979,0
16980,1
16981,1
16982,0
16983,0
16984,1
16985,0
16986,0
16987,0
16988,1
16989,1
16990,0
16991,0
16992,1
16993,1
16994,1
16995,1
16996,1
16997,1
16998,1
16999,1
17000,1
17001,0
17002,0
17003,1
17004,1
17005,0
17006,0
17007,1
17008,1
17009,1
17010,1
17011,0
17012,0
17013,1
17014,1
17015,1
17016,1
17017,1
17018,1
17019,0
17020,1
17021,1
17022,1
17023,1
17024,1
17025,1
17026,1
17027,1
17028,1
17029,1
17030,0
17031,1
17032,1
17033,1
17034,1
17035,1
17036,1
17037,1
17038,1
17039,1
17040,0
17041,1
17042,0
17043,0
17044,1
17045,0
17046,1
17047,1
17048,1
17049,1
17050,1
17051,1
17052,1
17053,1
17054,1
17055,1
17056,0
17057,1
17058,1
17059,0
17060,1
17061,1
17062,0
17063,0
17064,1
17065,1
17066,1
17067,1
17068,1
17069,1
17070,0
17071,0
17072,0
17073,1
17074,0
17075,1
17076,1
17077,1
17078,1
17079,1
17080,1
17081,1
17082,1
17083,1
17084,1
17085,1
17086,0
17087,0
17088,1
17089,1
17090,1
17091,1
17092,1
17093,1
17094,1
17095,1
17096,1
17097,1
17098,1
17099,1
17100,1
17101,1
17102,1
17103,1
17104,1
17105,0
17106,1
17107,1
17108,1
17109,1
17110,1
17111,1
17112,1
17113,1
17114,1
17115,1
17116,1
17117,1
17118,1
17119,1
17120,1
17121,1
17122,1
17123,0
17124,0
17125,1
17126,1
17127,1
17128,1
17129,1
17130,0
17131,1
17132,1
17133,1
17134,1
17135,1
17136,0
17137,1
17138,0
17139,1
17140,1
17141,0
17142,0
17143,0
17144,0
17145,1
17146,1
17147,1
17148,1
17149,1
17150,1
17151,1
17152,0
17153,1
17154,1
17155,1
17156,1
17157,1
17158,1
17159,1
17160,1
17161,1
17162,1
17163,1
17164,0
17165,1
17166,1
17167,0
17168,0
17169,0
17170,1
17171,1
17172,0
17173,0
17174,1
17175,0
17176,1
17177,1
17178,1
17179,1
17180,1
17181,1
17182,1
17183,1
17184,1
17185,1
17186,0
17187,1
17188,0
17189,1
17190,1
17191,1
17192,1
17193,1
17194,1
17195,0
17196,0
17197,1
17198,1
17199,0
17200,1
17201,1
17202,1
17203,1
17204,0
17205,1
17206,1
17207,1
17208,1
17209,1
17210,0
17211,1
17212,1
17213,1
17214,1
17215,1
17216,1
17217,1
17218,0
17219,0
17220,1
17221,1
17222,1
17223,1
17224,1
17225,0
17226,1
17227,1
17228,0
17229,1
17230,1
17231,1
17232,1
17233,1
17234,1
17235,1
17236,1
17237,1
17238,1
17239,1
17240,1
17241,1
17242,0
17243,1
17244,0
17245,1
17246,1
17247,0
17248,0
17249,1
17250,1
17251,1
17252,1
17253,1
17254,1
17255,0
17256,1
17257,1
17258,0
17259,1
17260,0
17261,1
17262,1
17263,1
17264,1
17265,0
17266,0
17267,1
17268,1
17269,1
17270,1
17271,1
17272,0
17273,1
17274,1
17275,1
17276,0
17277,1
17278,1
17279,1
17280,1
17281,1
17282,1
17283,1
17284,1
17285,1
17286,1
17287,0
17288,1
17289,1
17290,0
17291,1
17292,0
17293,1
17294,1
17295,1
17296,0
17297,1
17298,1
17299,0
17300,1
17301,1
17302,1
17303,1
17304,1
17305,1
17306,1
17307,1
17308,1
17309,1
17310,1
17311,1
17312,1
17313,1
17314,1
17315,0
17316,0
17317,1
17318,1
17319,1
17320,1
17321,1
17322,1
17323,1
17324,1
17325,1
17326,1
17327,0
17328,1
17329,1
17330,1
17331,1
17332,1
17333,1
17334,0
17335,0
17336,1
17337,0
17338,1
17339,0
17340,1
17341,0
17342,1
17343,1
17344,1
17345,0
17346,1
17347,1
17348,1
17349,1
17350,1
17351,1
17352,0
17353,0
17354,1
17355,0
17356,1
17357,0
17358,1
17359,1
17360,1
17361,1
17362,1
17363,1
17364,1
17365,0
17366,1
17367,1
17368,1
17369,1
17370,1
17371,1
17372,0
17373,1
17374,1
17375,1
17376,1
17377,1
17378,1
17379,1
17380,1
17381,1
17382,0
17383,1
17384,1
17385,1
17386,1
17387,1
17388,1
17389,1
17390,1
17391,1
17392,1
17393,1
17394,0
17395,1
17396,1
17397,0
17398,1
17399,1
17400,1
17401,1
17402,1
17403,1
17404,1
17405,1
17406,0
17407,1
17408,1
17409,1
17410,0
17411,1
17412,1
17413,1
17414,1
17415,1
17416,1
17417,1
17418,0
17419,1
17420,1
17421,1
17422,1
17423,1
17424,1
17425,0
17426,1
17427,1
17428,1
17429,1
17430,1
17431,0
17432,1
17433,1
17434,1
17435,1
17436,1
17437,1
17438,1
17439,1
17440,1
17441,1
17442,1
17443,0
17444,1
17445,1
17446,1
17447,1
17448,1
17449,1
17450,0
17451,1
17452,1
17453,1
17454,1
17455,1
17456,1
17457,1
17458,1
17459,1
17460,0
17461,1
17462,1
17463,1
17464,1
17465,0
17466,1
17467,1
17468,1
17469,1
17470,1
17471,1
17472,1
17473,0
17474,0
17475,1
17476,1
17477,1
17478,0
17479,1
17480,0
17481,0
17482,1
17483,1
17484,1
17485,1
17486,0
17487,1
17488,1
17489,1
17490,1
17491,1
17492,0
17493,0
17494,0
17495,0
17496,0
17497,1
17498,1
17499,1
17500,1
17501,1
17502,1
17503,1
17504,1
17505,1
17506,1
17507,1
17508,1
17509,1
17510,1
17511,0
17512,1
17513,1
17514,1
17515,1
17516,1
17517,1
17518,1
17519,0
17520,1
17521,0
17522,1
17523,0
17524,1
17525,1
17526,0
17527,1
17528,1
17529,0
17530,1
17531,1
17532,0
17533,1
17534,1
17535,1
17536,1
17537,1
17538,0
17539,1
17540,1
17541,1
17542,1
17543,0
17544,1
17545,1
17546,1
17547,1
17548,1
17549,1
17550,1
17551,1
17552,1
17553,0
17554,1
17555,1
17556,0
17557,1
17558,1
17559,1
17560,1
17561,1
17562,1
17563,1
17564,1
17565,1
17566,0
17567,0
17568,1
17569,1
17570,1
17571,1
17572,0
17573,1
17574,1
17575,1
17576,1
17577,0
17578,1
17579,1
17580,1
17581,0
17582,0
17583,1
17584,1
17585,1
17586,1
17587,0
17588,1
17589,0
17590,1
17591,1
17592,0
17593,1
17594,0
17595,1
17596,1
17597,1
17598,1
17599,1
17600,1
17601,1
17602,1
17603,1
17604,1
17605,0
17606,1
17607,1
17608,0
17609,1
17610,1
17611,1
17612,1
17613,1
17614,1
17615,1
17616,0
17617,1
17618,1
17619,1
17620,1
17621,1
17622,1
17623,1
17624,0
17625,0
17626,1
17627,1
17628,1
17629,1
17630,0
17631,1
17632,1
17633,1
17634,1
17635,1
17636,1
17637,0
17638,1
17639,1
17640,1
17641,0
17642,0
17643,1
17644,1
17645,1
17646,1
17647,1
17648,1
17649,1
17650,1
17651,1
17652,0
17653,0
17654,1
17655,1
17656,0
17657,1
17658,1
17659,1
17660,1
17661,1
17662,0
17663,1
17664,1
17665,1
17666,1
17667,0
17668,1
17669,1
17670,1
17671,1
17672,0
17673,0
17674,1
17675,0
17676,1
17677,0
17678,0
17679,1
17680,1
17681,1
17682,1
17683,1
17684,1
17685,1
17686,0
17687,1
17688,1
17689,1
17690,0
17691,0
17692,1
17693,1
17694,0
17695,1
17696,1
17697,1
17698,1
17699,0
17700,1
17701,1
17702,1
17703,1
17704,1
17705,1
17706,1
17707,1
17708,1
17709,1
17710,0
17711,1
17712,1
17713,0
17714,1
17715,1
17716,1
17717,1
17718,1
17719,1
17720,1
17721,1
17722,0
17723,1
17724,0
17725,1
17726,1
17727,1
17728,1
17729,1
17730,1
17731,1
17732,1
17733,1
17734,0
17735,0
17736,1
17737,0
17738,1
17739,1
17740,1
17741,1
17742,1
17743,1
17744,1
17745,1
17746,1
17747,1
17748,1
17749,1
17750,1
17751,1
17752,1
17753,1
17754,1
17755,1
17756,1
17757,1
17758,1
17759,1
17760,1
17761,1
17762,0
17763,1
17764,1
17765,1
17766,1
17767,0
17768,1
17769,1
17770,1
17771,1
17772,1
17773,1
17774,1
17775,1
17776,0
17777,1
17778,1
17779,1
17780,1
17781,1
17782,1
17783,1
17784,1
17785,1
17786,1
17787,1
17788,1
17789,0
17790,1
17791,1
17792,0
17793,1
17794,1
17795,1
17796,1
17797,1
17798,0
17799,1
17800,1
17801,0
17802,0
17803,1
17804,1
17805,1
17806,1
17807,1
17808,1
17809,1
17810,1
17811,1
17812,0
17813,1
17814,1
17815,1
17816,1
17817,0
17818,1
17819,1
17820,1
17821,1
17822,1
17823,0
17824,1
17825,1
17826,0
17827,1
17828,1
17829,1
17830,1
17831,1
17832,1
17833,1
17834,1
17835,1
17836,1
17837,1
17838,1
17839,1
17840,1
17841,1
17842,1
17843,1
17844,1
17845,1
17846,0
17847,1
17848,0
17849,0
17850,1
17851,1
17852,1
17853,0
17854,1
17855,1
17856,1
17857,1
17858,1
17859,0
17860,1
17861,1
17862,0
17863,1
17864,1
17865,1
17866,1
17867,1
17868,1
17869,1
17870,0
17871,1
17872,1
17873,1
17874,1
17875,1
17876,1
17877,1
17878,1
17879,1
17880,1
17881,1
17882,0
17883,1
17884,1
17885,1
17886,0
17887,1
17888,1
17889,1
17890,1
17891,1
17892,1
17893,1
17894,1
17895,1
17896,0
17897,1
17898,1
17899,1
17900,1
17901,1
17902,1
17903,1
17904,1
17905,0
17906,1
17907,0
17908,1
17909,1
17910,1
17911,1
17912,1
17913,1
17914,1
17915,1
17916,1
17917,1
17918,1
17919,1
17920,1
17921,1
17922,1
17923,0
17924,1
17925,1
17926,1
17927,1
17928,1
17929,1
17930,1
17931,0
17932,1
17933,1
17934,0
17935,1
17936,0
17937,1
17938,1
17939,1
17940,0
17941,0
17942,0
17943,1
17944,0
17945,0
17946,1
17947,1
17948,1
17949,1
17950,1
17951,1
17952,0
17953,0
17954,1
17955,1
17956,1
17957,1
17958,1
17959,1
17960,1
17961,1
17962,1
17963,1
17964,0
17965,1
17966,1
17967,1
17968,1
17969,1
17970,0
17971,1
17972,1
17973,1
17974,1
17975,1
17976,1
17977,1
17978,1
17979,1
17980,1
17981,0
17982,1
17983,1
17984,1
17985,0
17986,1
17987,1
17988,1
17989,0
17990,1
17991,1
17992,0
17993,1
17994,1
17995,1
17996,1
17997,1
17998,1
17999,1
18000,1
18001,1
18002,1
18003,1
18004,1
18005,1
18006,1
18007,0
18008,1
18009,1
18010,1
18011,1
18012,1
18013,1
18014,1
18015,0
18016,0
18017,1
18018,1
18019,1
18020,1
18021,0
18022,1
18023,0
18024,1
18025,1
18026,0
18027,1
18028,1
18029,0
18030,1
18031,1
18032,1
18033,1
18034,1
18035,1
18036,1
18037,1
18038,0
18039,1
18040,0
18041,1
18042,1
18043,1
18044,1
18045,1
18046,1
18047,1
18048,1
18049,0
18050,1
18051,1
18052,0
18053,1
18054,1
18055,0
18056,0
18057,1
18058,1
18059,1
18060,1
18061,1
18062,0
18063,1
18064,0
18065,1
18066,1
18067,1
18068,1
18069,1
18070,1
18071,1
18072,0
18073,1
18074,1
18075,1
18076,1
18077,1
18078,0
18079,1
18080,1
18081,1
18082,1
18083,1
18084,1
18085,1
18086,1
18087,1
18088,0
18089,1
18090,1
18091,1
18092,0
18093,1
18094,1
18095,1
18096,1
18097,1
18098,1
18099,1
18100,1
18101,1
18102,0
18103,1
18104,0
18105,1
18106,1
18107,0
18108,1
18109,1
18110,1
18111,1
18112,1
18113,1
18114,1
18115,1
18116,1
18117,1
18118,1
18119,1
18120,1
18121,1
18122,0
18123,1
18124,1
18125,1
18126,0
18127,0
18128,1
18129,1
18130,1
18131,1
18132,0
18133,0
18134,1
18135,0
18136,0
18137,0
18138,1
18139,1
18140,1
18141,1
18142,0
18143,0
18144,1
18145,1
18146,1
18147,1
18148,1
18149,1
18150,1
18151,1
18152,1
18153,1
18154,1
18155,1
18156,1
18157,1
18158,1
18159,0
18160,1
18161,1
18162,1
18163,1
18164,0
18165,1
18166,1
18167,1
18168,1
18169,1
18170,1
18171,1
18172,1
18173,1
18174,1
18175,1
18176,1
18177,1
18178,0
18179,1
18180,1
18181,1
18182,0
18183,1
18184,1
18185,1
18186,1
18187,1
18188,1
18189,1
18190,1
18191,0
18192,0
18193,0
18194,1
18195,1
18196,1
18197,1
18198,1
18199,0
18200,0
18201,1
18202,1
18203,0
18204,1
18205,1
18206,0
18207,1
18208,1
18209,1
18210,1
18211,0
18212,0
18213,1
18214,1
18215,1
18216,1
18217,1
18218,1
18219,1
18220,1
18221,0
18222,1
18223,0
18224,1
18225,0
18226,1
18227,1
18228,1
18229,1
18230,1
18231,1
18232,0
18233,1
18234,1
18235,1
18236,1
18237,1
18238,1
18239,0
18240,1
18241,1
18242,1
18243,0
18244,1
18245,1
18246,0
18247,1
18248,0
18249,1
18250,1
18251,1
18252,1
18253,1
18254,1
18255,1
18256,1
18257,1
18258,1
18259,1
18260,0
18261,1
18262,1
18263,1
18264,1
18265,1
18266,1
18267,0
18268,1
18269,1
18270,1
18271,1
18272,0
18273,1
18274,1
18275,1
18276,1
18277,0
18278,0
18279,1
18280,1
18281,0
18282,1
18283,0
18284,1
18285,1
18286,1
18287,1
18288,1
18289,1
18290,1
18291,0
18292,0
18293,0
18294,1
18295,1
18296,1
18297,0
18298,1
18299,1
18300,1
18301,0
18302,1
18303,0
18304,1
18305,1
18306,1
18307,1
18308,0
18309,1
18310,1
18311,0
18312,1
18313,1
18314,1
18315,1
18316,1
18317,0
18318,1
18319,1
18320,1
18321,0
18322,1
18323,0
18324,1
18325,1
18326,1
18327,1
18328,0
18329,1
18330,0
18331,1
18332,0
18333,1
18334,1
18335,1
18336,1
18337,1
18338,1
18339,1
18340,1
18341,0
18342,0
18343,1
18344,1
18345,1
18346,0
18347,1
18348,1
18349,1
18350,1
18351,1
18352,1
18353,1
18354,1
18355,1
18356,1
18357,1
18358,1
18359,0
18360,1
18361,0
18362,1
18363,1
18364,1
18365,1
18366,0
18367,1
18368,0
18369,1
18370,0
18371,1
18372,0
18373,0
18374,1
18375,1
18376,1
18377,0
18378,1
18379,0
18380,0
18381,1
18382,1
18383,1
18384,1
18385,0
18386,1
18387,0
18388,1
18389,1
18390,0
18391,1
18392,0
18393,1
18394,1
18395,1
18396,1
18397,1
18398,1
18399,1
18400,0
18401,1
18402,0
18403,1
18404,1
18405,1
18406,1
18407,0
18408,1
18409,0
18410,1
18411,1
18412,1
18413,1
18414,0
18415,1
18416,0
18417,0
18418,1
18419,1
18420,1
18421,0
18422,1
18423,0
18424,1
18425,1
18426,0
18427,1
18428,1
18429,1
18430,1
18431,1
18432,1
18433,1
18434,1
18435,1
18436,1
18437,1
18438,1
18439,1
18440,0
18441,0
18442,1
18443,1
18444,1
18445,1
18446,1
18447,1
18448,1
18449,1
18450,1
18451,1
18452,1
18453,1
18454,1
18455,1
18456,1
18457,1
18458,1
18459,1
18460,1
18461,1
18462,1
18463,1
18464,1
18465,1
18466,1
18467,1
18468,0
18469,1
18470,0
18471,1
18472,1
18473,1
18474,1
18475,1
18476,0
18477,1
18478,1
18479,0
18480,1
18481,1
18482,1
18483,1
18484,1
18485,1
18486,1
18487,1
18488,1
18489,0
18490,1
18491,1
18492,1
18493,1
18494,1
18495,1
18496,1
18497,0
18498,1
18499,1
18500,1
18501,1
18502,1
18503,0
18504,1
18505,1
18506,1
18507,0
18508,1
18509,1
18510,1
18511,1
18512,1
18513,1
18514,1
18515,1
18516,0
18517,0
18518,0
18519,1
18520,1
18521,0
18522,1
18523,1
18524,1
18525,1
18526,1
18527,0
18528,1
18529,1
18530,1
18531,1
18532,0
18533,1
18534,1
18535,1
18536,1
18537,0
18538,1
18539,0
18540,0
18541,0
18542,1
18543,1
18544,1
18545,1
18546,1
18547,0
18548,1
18549,1
18550,0
18551,1
18552,1
18553,1
18554,1
18555,1
18556,1
18557,1
18558,1
18559,0
18560,1
18561,1
18562,0
18563,0
18564,1
18565,1
18566,1
18567,1
18568,0
18569,1
18570,1
18571,1
18572,1
18573,1
18574,1
18575,0
18576,1
18577,1
18578,1
18579,0
18580,1
18581,1
18582,1
18583,1
18584,0
18585,1
18586,1
18587,1
18588,1
18589,1
18590,1
18591,1
18592,1
18593,1
18594,1
18595,1
18596,1
18597,1
18598,1
18599,1
18600,1
18601,1
18602,1
18603,1
18604,1
18605,0
18606,0
18607,1
18608,1
18609,0
18610,1
18611,0
18612,0
18613,1
18614,1
18615,1
18616,1
18617,1
18618,1
18619,1
18620,1
18621,1
18622,1
18623,1
18624,0
18625,1
18626,1
18627,1
18628,1
18629,1
18630,1
18631,1
18632,1
18633,1
18634,1
18635,1
18636,1
18637,1
18638,0
18639,1
18640,1
18641,1
18642,1
18643,1
18644,0
18645,1
18646,0
18647,1
18648,1
18649,1
18650,1
18651,1
18652,1
18653,1
18654,1
18655,1
18656,0
18657,0
18658,1
18659,0
18660,0
18661,1
18662,1
18663,0
18664,1
18665,1
18666,1
18667,1
18668,1
18669,1
18670,1
18671,0
18672,1
18673,1
18674,0
18675,0
18676,1
18677,1
18678,1
18679,1
18680,0
18681,0
18682,1
18683,1
18684,0
18685,1
18686,1
18687,1
18688,1
18689,0
18690,1
18691,1
18692,1
18693,1
18694,1
18695,1
18696,1
18697,1
18698,1
18699,1
18700,1
18701,1
18702,0
18703,0
18704,1
18705,0
18706,1
18707,1
18708,1
18709,1
18710,1
18711,1
18712,1
18713,1
18714,0
18715,0
18716,1
18717,1
18718,0
18719,1
18720,1
18721,1
18722,1
18723,1
18724,1
18725,1
18726,1
18727,1
18728,1
18729,1
18730,0
18731,0
18732,0
18733,1
18734,1
18735,1
18736,1
18737,1
18738,1
18739,0
18740,1
18741,1
18742,1
18743,1
18744,1
18745,1
18746,1
18747,1
18748,1
18749,1
18750,1
18751,1
18752,1
18753,1
18754,1
18755,1
18756,1
18757,1
18758,0
18759,1
18760,1
18761,0
18762,0
18763,1
18764,0
18765,1
18766,1
18767,0
18768,1
18769,1
18770,1
18771,1
18772,1
18773,1
18774,1
18775,1
18776,1
18777,1
18778,1
18779,1
18780,0
18781,1
18782,1
18783,1
18784,1
18785,1
18786,1
18787,1
18788,0
18789,1
18790,1
18791,1
18792,0
18793,0
18794,1
18795,1
18796,1
18797,1
18798,1
18799,1
18800,0
18801,1
18802,0
18803,1
18804,0
18805,1
18806,0
18807,1
18808,1
18809,1
18810,1
18811,1
18812,1
18813,1
18814,1
18815,0
18816,1
18817,1
18818,0
18819,1
18820,1
18821,1
18822,1
18823,1
18824,1
18825,0
18826,1
18827,0
18828,1
18829,1
18830,1
18831,1
18832,1
18833,1
18834,1
18835,1
18836,1
18837,0
18838,1
18839,0
18840,1
18841,1
18842,0
18843,1
18844,1
18845,1
18846,1
18847,0
18848,1
18849,1
18850,0
18851,0
18852,1
18853,1
18854,1
18855,1
18856,0
18857,1
18858,1
18859,1
18860,1
18861,1
18862,1
18863,1
18864,1
18865,0
18866,1
18867,1
18868,1
18869,1
18870,1
18871,1
18872,0
18873,1
18874,1
18875,1
18876,1
18877,0
18878,1
18879,1
18880,0
18881,1
18882,1
18883,1
18884,1
18885,1
18886,1
18887,1
18888,1
18889,1
18890,1
18891,1
18892,1
18893,0
18894,1
18895,1
18896,1
18897,1
18898,1
18899,0
18900,1
18901,1
18902,1
18903,0
18904,0
18905,1
18906,1
18907,1
18908,1
18909,1
18910,1
18911,1
18912,1
18913,0
18914,1
18915,1
18916,1
18917,0
18918,1
18919,1
18920,1
18921,1
18922,1
18923,1
18924,1
18925,1
18926,0
18927,0
18928,1
18929,1
18930,0
18931,1
18932,0
18933,1
18934,1
18935,1
18936,1
18937,0
18938,1
18939,1
18940,1
18941,1
18942,1
18943,1
18944,1
18945,1
18946,1
18947,0
18948,1
18949,1
18950,0
18951,1
18952,1
18953,1
18954,1
18955,0
18956,0
18957,1
18958,1
18959,0
18960,1
18961,1
18962,1
18963,1
18964,1
18965,1
18966,1
18967,1
18968,1
18969,1
18970,1
18971,1
18972,1
18973,1
18974,1
18975,0
18976,0
18977,1
18978,1
18979,1
18980,0
18981,0
18982,1
18983,1
18984,1
18985,1
18986,1
18987,1
18988,1
18989,0
18990,0
18991,1
18992,1
18993,0
18994,1
18995,1
18996,0
18997,1
18998,1
18999,1
19000,1
19001,0
19002,1
19003,1
19004,1
19005,1
19006,1
19007,1
19008,0
19009,1
19010,1
19011,0
19012,1
19013,1
19014,0
19015,0
19016,1
19017,1
19018,1
19019,1
19020,1
19021,1
19022,1
19023,1
19024,1
19025,1
19026,0
19027,1
19028,1
19029,1
19030,1
19031,0
19032,1
19033,1
19034,0
19035,1
19036,1
19037,0
19038,0
19039,1
19040,0
19041,0
19042,1
19043,1
19044,1
19045,1
19046,1
19047,1
19048,1
19049,1
19050,0
19051,1
19052,1
19053,1
19054,1
19055,1
19056,0
19057,1
19058,1
19059,1
19060,1
19061,1
19062,1
19063,1
19064,1
19065,1
19066,1
19067,0
19068,0
19069,1
19070,1
19071,1
19072,1
19073,1
19074,1
19075,1
19076,0
19077,1
19078,1
19079,1
19080,0
19081,1
19082,1
19083,1
19084,1
19085,1
19086,1
19087,1
19088,1
19089,1
19090,1
19091,1
19092,1
19093,1
19094,0
19095,1
19096,1
19097,1
19098,0
19099,1
19100,1
19101,1
19102,1
19103,0
19104,1
19105,1
19106,1
19107,1
19108,1
19109,1
19110,1
19111,1
19112,0
19113,1
19114,0
19115,1
19116,0
19117,1
19118,1
19119,1
19120,1
19121,1
19122,1
19123,1
19124,0
19125,1
19126,1
19127,1
19128,0
19129,1
19130,1
19131,0
19132,0
19133,0
19134,1
19135,1
19136,1
19137,0
19138,0
19139,0
19140,1
19141,1
19142,0
19143,1
19144,1
19145,1
19146,0
19147,1
19148,1
19149,1
19150,1
19151,1
19152,1
19153,1
19154,1
19155,1
19156,0
19157,0
19158,1
19159,1
19160,1
19161,1
19162,1
19163,1
19164,1
19165,0
19166,0
19167,0
19168,1
19169,1
19170,1
19171,1
19172,1
19173,1
19174,0
19175,1
19176,1
19177,0
19178,1
19179,1
19180,0
19181,0
19182,1
19183,0
19184,1
19185,0
19186,1
19187,1
19188,1
19189,1
19190,1
19191,1
19192,1
19193,1
19194,0
19195,1
19196,1
19197,1
19198,1
19199,1
19200,0
19201,0
19202,0
19203,1
19204,1
19205,0
19206,1
19207,1
19208,1
19209,1
19210,1
19211,1
19212,1
19213,1
19214,0
19215,1
19216,1
19217,0
19218,0
19219,1
19220,1
19221,1
19222,1
19223,0
19224,1
19225,0
19226,1
19227,0
19228,1
19229,0
19230,1
19231,1
19232,1
19233,1
19234,1
19235,1
19236,1
19237,1
19238,0
19239,0
19240,1
19241,1
19242,1
19243,1
19244,1
19245,0
19246,1
19247,1
19248,1
19249,1
19250,1
19251,1
19252,1
19253,0
19254,1
19255,1
19256,1
19257,1
19258,1
19259,1
19260,0
19261,1
19262,1
19263,0
19264,1
19265,1
19266,1
19267,1
19268,1
19269,1
19270,1
19271,1
19272,1
19273,1
19274,1
19275,0
19276,1
19277,1
19278,1
19279,1
19280,1
19281,0
19282,1
19283,1
19284,1
19285,0
19286,1
19287,0
19288,1
19289,0
19290,1
19291,1
19292,0
19293,1
19294,1
19295,1
19296,1
19297,1
19298,0
19299,0
19300,1
19301,1
19302,1
19303,1
19304,1
19305,1
19306,1
19307,1
19308,1
19309,1
19310,1
19311,1
19312,1
19313,1
19314,0
19315,1
19316,0
19317,1
19318,1
19319,1
19320,1
19321,0
19322,1
19323,1
19324,1
19325,1
19326,1
19327,1
19328,1
19329,0
19330,1
19331,1
19332,1
19333,1
19334,0
19335,1
19336,1
19337,1
19338,1
19339,1
19340,1
19341,1
19342,0
19343,0
19344,1
19345,1
19346,0
19347,1
19348,1
19349,1
19350,0
19351,1
19352,1
19353,1
19354,1
19355,1
19356,1
19357,1
19358,1
19359,1
19360,1
19361,0
19362,1
19363,0
19364,1
19365,0
19366,1
19367,1
19368,1
19369,1
19370,1
19371,1
19372,1
19373,1
19374,0
19375,1
19376,0
19377,1
19378,1
19379,1
19380,0
19381,1
19382,1
19383,1
19384,1
19385,1
19386,1
19387,1
19388,1
19389,1
19390,1
19391,1
19392,1
19393,1
19394,1
19395,1
19396,1
19397,1
19398,1
19399,1
19400,0
19401,1
19402,1
19403,1
19404,1
19405,1
19406,1
19407,1
19408,1
19409,1
19410,1
19411,1
19412,1
19413,0
19414,1
19415,0
19416,1
19417,1
19418,0
19419,0
19420,0
19421,0
19422,1
19423,1
19424,1
19425,1
19426,1
19427,0
19428,1
19429,1
19430,0
19431,1
19432,1
19433,1
19434,1
19435,1
19436,1
19437,1
19438,1
19439,0
19440,1
19441,1
19442,1
19443,1
19444,1
19445,1
19446,0
19447,1
19448,1
19449,0
19450,1
19451,1
19452,1
19453,0
19454,1
19455,1
19456,1
19457,1
19458,1
19459,0
19460,1
19461,1
19462,1
19463,0
19464,1
19465,0
19466,1
19467,1
19468,0
19469,1
19470,1
19471,1
19472,1
19473,1
19474,0
19475,1
19476,1
19477,1
19478,1
19479,1
19480,1
19481,1
19482,1
19483,1
19484,1
19485,1
19486,0
19487,1
19488,1
19489,1
19490,1
19491,1
19492,1
19493,1
19494,0
19495,1
19496,1
19497,0
19498,1
19499,1
19500,1
19501,1
19502,1
19503,1
19504,1
19505,1
19506,1
19507,1
19508,0
19509,1
19510,0
19511,1
19512,0
19513,1
19514,1
19515,1
19516,0
19517,0
19518,1
19519,1
19520,1
19521,1
19522,1
19523,0
19524,1
19525,1
19526,0
19527,1
19528,1
19529,1
19530,1
19531,1
19532,1
19533,0
19534,1
19535,1
19536,0
19537,1
19538,0
19539,1
19540,1
19541,1
19542,1
19543,1
19544,1
19545,1
19546,1
19547,1
19548,1
19549,0
19550,1
19551,0
19552,1
19553,1
19554,0
19555,1
19556,1
19557,1
19558,0
19559,0
19560,0
19561,1
19562,1
19563,1
19564,1
19565,1
19566,1
19567,1
19568,1
19569,1
19570,1
19571,1
19572,1
19573,1
19574,1
19575,0
19576,1
19577,1
19578,1
19579,0
19580,1
19581,0
19582,1
19583,1
19584,1
19585,1
19586,1
19587,1
19588,0
19589,1
19590,1
19591,1
19592,1
19593,1
19594,1
19595,1
19596,0
19597,0
19598,1
19599,0
19600,1
19601,1
19602,1
19603,1
19604,1
19605,0
19606,1
19607,1
19608,1
19609,1
19610,1
19611,1
19612,1
19613,1
19614,1
19615,1
19616,1
19617,1
19618,1
19619,1
19620,1
19621,1
19622,1
19623,0
19624,1
19625,1
19626,1
19627,1
19628,1
19629,1
19630,1
19631,1
19632,1
19633,0
19634,1
19635,1
19636,1
19637,0
19638,1
19639,1
19640,1
19641,1
19642,1
19643,1
19644,1
19645,0
19646,0
19647,1
19648,1
19649,0
19650,1
19651,1
19652,1
19653,1
19654,1
19655,1
19656,1
19657,1
19658,0
19659,1
19660,1
19661,1
19662,1
19663,1
19664,1
19665,1
19666,1
19667,1
19668,1
19669,1
19670,0
19671,1
19672,1
19673,1
19674,0
19675,0
19676,1
19677,1
19678,1
19679,1
19680,1
19681,0
19682,1
19683,0
19684,1
19685,0
19686,1
19687,1
19688,0
19689,0
19690,1
19691,1
19692,1
19693,1
19694,1
19695,1
19696,1
19697,0
19698,1
19699,0
19700,1
19701,1
19702,1
19703,1
19704,0
19705,1
19706,1
19707,1
19708,1
19709,1
19710,0
19711,1
19712,0
19713,1
19714,1
19715,1
19716,1
19717,1
19718,0
19719,1
19720,1
19721,0
19722,1
19723,0
19724,0
19725,1
19726,1
19727,1
19728,1
19729,1
19730,1
19731,1
19732,1
19733,1
19734,1
19735,1
19736,1
19737,1
19738,1
19739,1
19740,1
19741,1
19742,0
19743,1
19744,1
19745,1
19746,1
19747,1
19748,1
19749,0
19750,1
19751,0
19752,1
19753,0
19754,1
19755,1
19756,1
19757,1
19758,1
19759,0
19760,1
19761,0
19762,1
19763,0
19764,1
19765,1
19766,1
19767,1
19768,1
19769,1
19770,1
19771,0
19772,1
19773,1
19774,1
19775,1
19776,1
19777,1
19778,1
19779,0
19780,1
19781,1
19782,1
19783,1
19784,0
19785,1
19786,1
19787,1
19788,0
19789,1
19790,1
19791,1
19792,1
19793,0
19794,1
19795,1
19796,1
19797,0
19798,0
19799,0
19800,1
19801,1
19802,1
19803,1
19804,0
19805,1
19806,1
19807,1
19808,1
19809,1
19810,1
19811,1
19812,1
19813,0
19814,0
19815,1
19816,1
19817,1
19818,1
19819,1
19820,0
19821,1
19822,1
19823,1
19824,0
19825,1
19826,0
19827,1
19828,1
19829,0
19830,0
19831,1
19832,0
19833,1
19834,1
19835,1
19836,1
19837,1
19838,1
19839,1
19840,1
19841,0
19842,0
19843,1
19844,1
19845,1
19846,1
19847,1
19848,1
19849,0
19850,1
19851,1
19852,1
19853,1
19854,1
19855,1
19856,1
19857,1
19858,1
19859,1
19860,0
19861,1
19862,1
19863,0
19864,1
19865,0
19866,1
19867,1
19868,1
19869,1
19870,1
19871,1
19872,1
19873,0
19874,1
19875,0
19876,1
19877,1
19878,1
19879,1
19880,1
19881,1
19882,0
19883,1
19884,1
19885,1
19886,1
19887,1
19888,0
19889,0
19890,0
19891,1
19892,1
19893,1
19894,0
19895,1
19896,1
19897,1
19898,1
19899,1
19900,1
19901,0
19902,1
19903,0
19904,1
19905,1
19906,1
19907,1
19908,1
19909,1
19910,1
19911,1
19912,0
19913,1
19914,0
19915,0
19916,0
19917,1
19918,1
19919,1
19920,1
19921,0
19922,1
19923,1
19924,1
19925,1
19926,1
19927,1
19928,0
19929,1
19930,1
19931,1
19932,0
19933,1
19934,1
19935,1
19936,1
19937,1
19938,1
19939,1
19940,1
19941,1
19942,0
19943,1
19944,1
19945,0
19946,1
19947,1
19948,1
19949,1
19950,1
19951,1
19952,1
19953,1
19954,0
19955,1
19956,1
19957,1
19958,0
19959,1
19960,1
19961,1
19962,1
19963,1
19964,0
19965,0
19966,1
19967,1
19968,1
19969,1
19970,1
19971,1
19972,1
19973,1
19974,0
19975,1
19976,1
19977,1
19978,1
19979,1
19980,0
19981,0
19982,0
19983,1
19984,1
19985,0
19986,1
19987,1
19988,1
19989,1
19990,1
19991,1
19992,1
19993,1
19994,1
19995,1
19996,1
19997,1
19998,1
19999,1
20000,1
20001,1
20002,1
20003,1
20004,1
20005,0
20006,1
20007,1
20008,1
20009,1
20010,1
20011,1
20012,0
20013,1
20014,1
20015,1
20016,1
20017,0
20018,1
20019,0
20020,1
20021,1
20022,1
20023,1
20024,1
20025,1
20026,1
20027,1
20028,1
20029,1
20030,0
20031,1
20032,1
20033,1
20034,1
20035,1
20036,0
20037,1
20038,0
20039,1
20040,0
20041,0
20042,1
20043,0
20044,1
20045,1
20046,1
20047,1
20048,1
20049,1
20050,1
20051,1
20052,1
20053,1
20054,1
20055,1
20056,1
20057,0
20058,1
20059,1
20060,1
20061,1
20062,1
20063,1
20064,1
20065,1
20066,1
20067,1
20068,1
20069,1
20070,1
20071,1
20072,1
20073,1
20074,1
20075,0
20076,0
20077,1
20078,1
20079,1
20080,1
20081,1
20082,0
20083,1
20084,0
20085,1
20086,1
20087,1
20088,0
20089,1
20090,1
20091,1
20092,1
20093,1
20094,1
20095,1
20096,1
20097,1
20098,1
20099,1
20100,1
20101,1
20102,1
20103,1
20104,0
20105,0
20106,0
20107,1
20108,1
20109,1
20110,0
20111,1
20112,1
20113,0
20114,1
20115,1
20116,1
20117,1
20118,1
20119,1
20120,1
20121,0
20122,1
20123,1
20124,0
20125,1
20126,1
20127,1
20128,1
20129,1
20130,0
20131,1
20132,0
20133,1
20134,0
20135,1
20136,0
20137,1
20138,1
20139,0
20140,1
20141,1
20142,1
20143,0
20144,1
20145,1
20146,1
20147,1
20148,1
20149,1
20150,1
20151,0
20152,1
20153,0
20154,1
20155,1
20156,1
20157,1
20158,1
20159,1
20160,0
20161,1
20162,1
20163,1
20164,1
20165,1
20166,1
20167,1
20168,1
20169,0
20170,1
20171,1
20172,1
20173,1
20174,1
20175,1
20176,0
20177,1
20178,1
20179,1
20180,1
20181,0
20182,1
20183,1
20184,1
20185,1
20186,0
20187,1
20188,1
20189,1
20190,1
20191,1
20192,1
20193,1
20194,0
20195,1
20196,1
20197,1
20198,1
20199,1
20200,1
20201,1
20202,1
20203,0
20204,1
20205,1
20206,1
20207,1
20208,1
20209,1
20210,1
20211,1
20212,0
20213,0
20214,1
20215,1
20216,1
20217,1
20218,0
20219,1
20220,0
20221,1
20222,1
20223,1
20224,1
20225,1
20226,0
20227,1
20228,1
20229,1
20230,1
20231,1
20232,1
20233,1
20234,1
20235,1
20236,1
20237,0
20238,1
20239,1
20240,1
20241,1
20242,1
20243,1
20244,1
20245,1
20246,0
20247,1
20248,1
20249,1
20250,1
20251,1
20252,1
20253,1
20254,1
20255,1
20256,1
20257,1
20258,1
20259,1
20260,1
20261,1
20262,1
20263,0
20264,0
20265,1
20266,1
20267,1
20268,0
20269,0
20270,1
20271,0
20272,1
20273,1
20274,0
20275,1
20276,0
20277,1
20278,1
20279,0
20280,1
20281,1
20282,1
20283,1
20284,1
20285,0
20286,1
20287,1
20288,1
20289,1
20290,1
20291,0
20292,0
20293,1
20294,1
20295,1
20296,1
20297,1
20298,1
20299,1
20300,1
20301,1
20302,1
20303,1
20304,1
20305,1
20306,1
20307,1
20308,1
20309,1
20310,1
20311,1
20312,1
20313,1
20314,1
20315,1
20316,1
20317,0
20318,0
20319,1
20320,1
20321,1
20322,1
20323,1
20324,1
20325,1
20326,1
20327,1
20328,0
20329,1
20330,1
20331,0
20332,1
20333,1
20334,0
20335,1
20336,1
20337,0
20338,1
20339,0
20340,1
20341,1
20342,0
20343,1
20344,0
20345,1
20346,1
20347,0
20348,1
20349,1
20350,1
20351,1
20352,0
20353,1
20354,1
20355,1
20356,0
20357,1
20358,1
20359,1
20360,1
20361,1
20362,1
20363,1
20364,0
20365,1
20366,1
20367,1
20368,0
20369,1
20370,1
20371,1
20372,1
20373,0
20374,1
20375,1
20376,1
20377,1
20378,1
20379,1
20380,1
20381,0
20382,1
20383,1
20384,0
20385,1
20386,1
20387,1
20388,0
20389,0
20390,1
20391,1
20392,0
20393,1
20394,1
20395,0
20396,1
20397,0
20398,1
20399,0
20400,1
20401,1
20402,1
20403,1
20404,1
20405,1
20406,1
20407,1
20408,0
20409,1
20410,0
20411,1
20412,1
20413,1
20414,1
20415,0
20416,1
20417,1
20418,1
20419,1
20420,0
20421,0
20422,1
20423,1
20424,0
20425,1
20426,1
20427,1
20428,1
20429,1
20430,0
20431,1
20432,1
20433,1
20434,0
20435,1
20436,1
20437,1
20438,1
20439,1
20440,1
20441,1
20442,1
20443,1
20444,1
20445,1
20446,1
20447,1
20448,1
20449,1
20450,1
20451,1
20452,1
20453,1
20454,0
20455,0
20456,1
20457,1
20458,0
20459,1
20460,1
20461,1
20462,1
20463,1
20464,1
20465,1
20466,1
20467,1
20468,1
20469,1
20470,1
20471,0
20472,1
20473,1
20474,1
20475,0
20476,1
20477,1
20478,1
20479,1
20480,1
20481,0
20482,1
20483,1
20484,1
20485,1
20486,1
20487,1
20488,1
20489,1
20490,1
20491,0
20492,1
20493,1
20494,1
20495,1
20496,1
20497,1
20498,0
20499,1
20500,1
20501,1
20502,1
20503,1
20504,0
20505,1
20506,1
20507,1
20508,0
20509,1
20510,1
20511,1
20512,1
20513,1
20514,1
20515,1
20516,1
20517,1
20518,0
20519,1
20520,1
20521,1
20522,1
20523,1
20524,1
20525,1
20526,1
20527,1
20528,0
20529,1
20530,1
20531,1
20532,1
20533,1
20534,1
20535,1
20536,1
20537,0
20538,1
20539,1
20540,0
20541,1
20542,1
20543,0
20544,0
20545,1
20546,0
20547,1
20548,1
20549,0
20550,0
20551,1
20552,1
20553,1
20554,1
20555,1
20556,1
20557,1
20558,1
20559,0
20560,1
20561,1
20562,1
20563,1
20564,1
20565,1
20566,1
20567,1
20568,0
20569,1
20570,1
20571,1
20572,1
20573,1
20574,1
20575,0
20576,1
20577,0
20578,1
20579,1
20580,1
20581,1
20582,0
20583,1
20584,1
20585,1
20586,1
20587,1
20588,1
20589,1
20590,1
20591,1
20592,1
20593,1
20594,1
20595,1
20596,1
20597,1
20598,1
20599,0
20600,1
20601,1
20602,0
20603,1
20604,1
20605,1
20606,1
20607,1
20608,1
20609,1
20610,1
20611,1
20612,1
20613,0
20614,1
20615,1
20616,1
20617,1
20618,1
20619,0
20620,1
20621,1
20622,1
20623,1
20624,1
20625,1
20626,0
20627,1
20628,0
20629,0
20630,0
20631,1
20632,1
20633,1
20634,1
20635,0
20636,1
20637,1
20638,0
20639,0
20640,0
20641,0
20642,1
20643,1
20644,1
20645,1
20646,0
20647,0
20648,0
20649,1
20650,1
20651,0
20652,1
20653,1
20654,1
20655,0
20656,0
20657,1
20658,1
20659,1
20660,0
20661,1
20662,1
20663,1
20664,1
20665,1
20666,1
20667,0
20668,1
20669,0
20670,1
20671,1
20672,1
20673,1
20674,1
20675,1
20676,1
20677,1
20678,0
20679,1
20680,1
20681,1
20682,0
20683,0
20684,0
20685,1
20686,0
20687,1
20688,1
20689,1
20690,0
20691,0
20692,1
20693,1
20694,1
20695,0
20696,0
20697,0
20698,1
20699,1
20700,0
20701,1
20702,0
20703,1
20704,1
20705,1
20706,1
20707,1
20708,1
20709,0
20710,1
20711,0
20712,1
20713,1
20714,1
20715,1
20716,1
20717,1
20718,1
20719,1
20720,0
20721,0
20722,1
20723,0
20724,1
20725,1
20726,0
20727,1
20728,1
20729,1
20730,1
20731,0
20732,1
20733,1
20734,1
20735,1
20736,0
20737,1
20738,1
20739,1
20740,1
20741,1
20742,1
20743,1
20744,1
20745,1
20746,1
20747,0
20748,1
20749,1
20750,1
20751,1
20752,1
20753,1
20754,0
20755,1
20756,1
20757,1
20758,1
20759,1
20760,1
20761,1
20762,1
20763,1
20764,1
20765,1
20766,1
20767,0
20768,1
20769,1
20770,1
20771,1
20772,0
20773,0
20774,1
20775,0
20776,1
20777,1
20778,1
20779,1
20780,0
20781,1
20782,1
20783,1
20784,1
20785,1
20786,1
20787,1
20788,1
20789,1
20790,0
20791,1
20792,0
20793,1
20794,0
20795,1
20796,1
20797,1
20798,0
20799,1
20800,1
20801,1
20802,1
20803,1
20804,0
20805,1
20806,1
20807,1
20808,1
20809,1
20810,1
20811,1
20812,0
20813,1
20814,1
20815,1
20816,1
20817,1
20818,1
20819,1
20820,1
20821,1
20822,1
20823,1
20824,1
20825,0
20826,1
20827,0
20828,1
20829,1
20830,0
20831,1
20832,1
20833,1
20834,1
20835,1
20836,1
20837,1
20838,1
20839,1
20840,1
20841,1
20842,1
20843,1
20844,1
20845,1
20846,0
20847,1
20848,1
20849,1
20850,1
20851,0
20852,0
20853,0
20854,1
20855,1
20856,1
20857,1
20858,1
20859,1
20860,1
20861,0
20862,1
20863,0
20864,1
20865,1
20866,1
20867,1
20868,1
20869,1
20870,1
20871,1
20872,1
20873,1
20874,0
20875,1
20876,0
20877,1
20878,0
20879,1
20880,1
20881,1
20882,1
20883,1
20884,0
20885,1
20886,1
20887,0
20888,1
20889,0
20890,0
20891,1
20892,1
20893,1
20894,1
20895,1
20896,1
20897,0
20898,1
20899,1
20900,0
20901,1
20902,1
20903,1
20904,1
20905,1
20906,1
20907,1
20908,1
20909,1
20910,1
20911,0
20912,1
20913,1
20914,1
20915,1
20916,0
20917,1
20918,0
20919,1
20920,1
20921,0
20922,1
20923,1
20924,1
20925,1
20926,1
20927,1
20928,0
20929,1
20930,1
20931,1
20932,1
20933,1
20934,0
20935,1
20936,1
20937,0
20938,1
20939,1
20940,0
20941,1
20942,1
20943,1
20944,1
20945,1
20946,1
20947,1
20948,1
20949,1
20950,1
20951,1
20952,1
20953,1
20954,1
20955,0
20956,1
20957,1
20958,1
20959,1
20960,1
20961,1
20962,0
20963,1
20964,1
20965,1
20966,1
20967,0
20968,0
20969,1
20970,1
20971,1
20972,1
20973,0
20974,1
20975,1
20976,1
20977,0
20978,1
20979,0
20980,0
20981,1
20982,1
20983,1
20984,1
20985,0
20986,1
20987,1
20988,1
20989,1
20990,1
20991,1
20992,0
20993,1
20994,1
20995,1
20996,1
20997,1
20998,1
20999,1
